PRAGMA foreign_keys = ON;
BEGIN TRANSACTION;
INSERT OR IGNORE INTO members(id,name,slug,sort_order) VALUES(1,'강구열','member-001',1);
INSERT OR IGNORE INTO members(id,name,slug,sort_order) VALUES(2,'김택용','member-002',2);
INSERT OR IGNORE INTO members(id,name,slug,sort_order) VALUES(3,'나무늘봉순','member-003',3);
INSERT OR IGNORE INTO members(id,name,slug,sort_order) VALUES(4,'남수댕','member-004',4);
INSERT OR IGNORE INTO members(id,name,slug,sort_order) VALUES(5,'란란','member-005',5);
INSERT OR IGNORE INTO members(id,name,slug,sort_order) VALUES(6,'모리','member-006',6);
INSERT OR IGNORE INTO members(id,name,slug,sort_order) VALUES(7,'박재혁','member-007',7);
INSERT OR IGNORE INTO members(id,name,slug,sort_order) VALUES(8,'빵훈이','member-008',8);
INSERT OR IGNORE INTO members(id,name,slug,sort_order) VALUES(9,'쁠리','member-009',9);
INSERT OR IGNORE INTO members(id,name,slug,sort_order) VALUES(10,'아윤','member-010',10);
INSERT OR IGNORE INTO members(id,name,slug,sort_order) VALUES(11,'애순이','member-011',11);
INSERT OR IGNORE INTO members(id,name,slug,sort_order) VALUES(12,'앵지','member-012',12);
INSERT OR IGNORE INTO members(id,name,slug,sort_order) VALUES(13,'어윤수','member-013',13);
INSERT OR IGNORE INTO members(id,name,slug,sort_order) VALUES(14,'오리꿍','member-014',14);
INSERT OR IGNORE INTO members(id,name,slug,sort_order) VALUES(15,'오조은','member-015',15);
INSERT OR IGNORE INTO members(id,name,slug,sort_order) VALUES(16,'왜냐맨','member-016',16);
INSERT OR IGNORE INTO members(id,name,slug,sort_order) VALUES(17,'요닝','member-017',17);
INSERT OR IGNORE INTO members(id,name,slug,sort_order) VALUES(18,'유별','member-018',18);
INSERT OR IGNORE INTO members(id,name,slug,sort_order) VALUES(19,'유승곤','member-019',19);
INSERT OR IGNORE INTO members(id,name,slug,sort_order) VALUES(20,'유주현','member-020',20);
INSERT OR IGNORE INTO members(id,name,slug,sort_order) VALUES(21,'윤용태','member-021',21);
INSERT OR IGNORE INTO members(id,name,slug,sort_order) VALUES(22,'이다니','member-022',22);
INSERT OR IGNORE INTO members(id,name,slug,sort_order) VALUES(23,'이영호','member-023',23);
INSERT OR IGNORE INTO members(id,name,slug,sort_order) VALUES(24,'인지연','member-024',24);
INSERT OR IGNORE INTO members(id,name,slug,sort_order) VALUES(25,'점중','member-025',25);
INSERT OR IGNORE INTO members(id,name,slug,sort_order) VALUES(26,'졈니','member-026',26);
INSERT OR IGNORE INTO members(id,name,slug,sort_order) VALUES(27,'주성','member-027',27);
INSERT OR IGNORE INTO members(id,name,slug,sort_order) VALUES(28,'진땅콩','member-028',28);
INSERT OR IGNORE INTO members(id,name,slug,sort_order) VALUES(29,'채리','member-029',29);
INSERT OR IGNORE INTO members(id,name,slug,sort_order) VALUES(30,'철구','member-030',30);
INSERT OR IGNORE INTO members(id,name,slug,sort_order) VALUES(31,'체온','member-031',31);
INSERT OR IGNORE INTO members(id,name,slug,sort_order) VALUES(32,'초초','member-032',32);
INSERT OR IGNORE INTO members(id,name,slug,sort_order) VALUES(33,'하이희야','member-033',33);
INSERT OR IGNORE INTO members(id,name,slug,sort_order) VALUES(34,'허로아','member-034',34);
INSERT OR IGNORE INTO members(id,name,slug,sort_order) VALUES(35,'혜루찡','member-035',35);
INSERT OR IGNORE INTO members(id,name,slug,sort_order) VALUES(36,'히나','member-036',36);
INSERT OR IGNORE INTO members(id,name,slug,sort_order) VALUES(37,'디임','member-037',37);
INSERT OR REPLACE INTO cards(id,member_id,title,rarity,image_url,focus_x,focus_y,is_active) VALUES('card-0001',1,'빛나는 강구열','SR','assets/cards/강구열/001.webp',50,38,1);
INSERT OR REPLACE INTO cards(id,member_id,title,rarity,image_url,focus_x,focus_y,is_active) VALUES('card-0002',1,'미소 짓는 강구열','HR','assets/cards/강구열/002.webp',50,38,1);
INSERT OR REPLACE INTO cards(id,member_id,title,rarity,image_url,focus_x,focus_y,is_active) VALUES('card-0003',1,'집중한 강구열','U','assets/cards/강구열/003.webp',50,38,1);
INSERT OR REPLACE INTO cards(id,member_id,title,rarity,image_url,focus_x,focus_y,is_active) VALUES('card-0004',1,'여유로운 강구열','U','assets/cards/강구열/004.webp',50,38,1);
INSERT OR REPLACE INTO cards(id,member_id,title,rarity,image_url,focus_x,focus_y,is_active) VALUES('card-0005',1,'신나는 강구열','SR','assets/cards/강구열/005.webp',50,38,1);
INSERT OR REPLACE INTO cards(id,member_id,title,rarity,image_url,focus_x,focus_y,is_active) VALUES('card-0006',2,'빛나는 김택용','R','assets/cards/김택용/001.webp',50,38,1);
INSERT OR REPLACE INTO cards(id,member_id,title,rarity,image_url,focus_x,focus_y,is_active) VALUES('card-0007',2,'미소 짓는 김택용','HR','assets/cards/김택용/002.webp',50,38,1);
INSERT OR REPLACE INTO cards(id,member_id,title,rarity,image_url,focus_x,focus_y,is_active) VALUES('card-0008',2,'집중한 김택용','C','assets/cards/김택용/003.webp',50,38,1);
INSERT OR REPLACE INTO cards(id,member_id,title,rarity,image_url,focus_x,focus_y,is_active) VALUES('card-0009',2,'여유로운 김택용','U','assets/cards/김택용/004.webp',50,38,1);
INSERT OR REPLACE INTO cards(id,member_id,title,rarity,image_url,focus_x,focus_y,is_active) VALUES('card-0010',2,'신나는 김택용','HR','assets/cards/김택용/005.webp',50,38,1);
INSERT OR REPLACE INTO cards(id,member_id,title,rarity,image_url,focus_x,focus_y,is_active) VALUES('card-0011',2,'진지한 김택용','U','assets/cards/김택용/006.webp',50,38,1);
INSERT OR REPLACE INTO cards(id,member_id,title,rarity,image_url,focus_x,focus_y,is_active) VALUES('card-0012',2,'활짝 웃는 김택용','U','assets/cards/김택용/007.webp',50,38,1);
INSERT OR REPLACE INTO cards(id,member_id,title,rarity,image_url,focus_x,focus_y,is_active) VALUES('card-0013',2,'브이하는 김택용','U','assets/cards/김택용/008.webp',50,38,1);
INSERT OR REPLACE INTO cards(id,member_id,title,rarity,image_url,focus_x,focus_y,is_active) VALUES('card-0014',2,'응원하는 김택용','C','assets/cards/김택용/009.webp',50,38,1);
INSERT OR REPLACE INTO cards(id,member_id,title,rarity,image_url,focus_x,focus_y,is_active) VALUES('card-0015',2,'멋진 김택용','U','assets/cards/김택용/010.webp',50,38,1);
INSERT OR REPLACE INTO cards(id,member_id,title,rarity,image_url,focus_x,focus_y,is_active) VALUES('card-0016',2,'귀여운 김택용','C','assets/cards/김택용/011.webp',50,38,1);
INSERT OR REPLACE INTO cards(id,member_id,title,rarity,image_url,focus_x,focus_y,is_active) VALUES('card-0017',2,'당당한 김택용','C','assets/cards/김택용/012.webp',50,38,1);
INSERT OR REPLACE INTO cards(id,member_id,title,rarity,image_url,focus_x,focus_y,is_active) VALUES('card-0018',2,'즐거운 김택용','SR','assets/cards/김택용/013.webp',50,38,1);
INSERT OR REPLACE INTO cards(id,member_id,title,rarity,image_url,focus_x,focus_y,is_active) VALUES('card-0019',2,'깜짝 놀란 김택용','U','assets/cards/김택용/014.webp',50,38,1);
INSERT OR REPLACE INTO cards(id,member_id,title,rarity,image_url,focus_x,focus_y,is_active) VALUES('card-0020',2,'시무룩한 김택용','C','assets/cards/김택용/015.webp',50,38,1);
INSERT OR REPLACE INTO cards(id,member_id,title,rarity,image_url,focus_x,focus_y,is_active) VALUES('card-0021',2,'열정적인 김택용','R','assets/cards/김택용/016.webp',50,38,1);
INSERT OR REPLACE INTO cards(id,member_id,title,rarity,image_url,focus_x,focus_y,is_active) VALUES('card-0022',2,'차분한 김택용','U','assets/cards/김택용/017.webp',50,38,1);
INSERT OR REPLACE INTO cards(id,member_id,title,rarity,image_url,focus_x,focus_y,is_active) VALUES('card-0023',2,'설레는 김택용','U','assets/cards/김택용/018.webp',50,38,1);
INSERT OR REPLACE INTO cards(id,member_id,title,rarity,image_url,focus_x,focus_y,is_active) VALUES('card-0024',2,'승리한 김택용','U','assets/cards/김택용/019.webp',50,38,1);
INSERT OR REPLACE INTO cards(id,member_id,title,rarity,image_url,focus_x,focus_y,is_active) VALUES('card-0025',2,'기뻐하는 김택용','R','assets/cards/김택용/020.webp',50,38,1);
INSERT OR REPLACE INTO cards(id,member_id,title,rarity,image_url,focus_x,focus_y,is_active) VALUES('card-0026',2,'빛나는 김택용','U','assets/cards/김택용/021.webp',50,38,1);
INSERT OR REPLACE INTO cards(id,member_id,title,rarity,image_url,focus_x,focus_y,is_active) VALUES('card-0027',3,'빛나는 나무늘봉순','C','assets/cards/나무늘봉순/001.webp',50,38,1);
INSERT OR REPLACE INTO cards(id,member_id,title,rarity,image_url,focus_x,focus_y,is_active) VALUES('card-0028',3,'미소 짓는 나무늘봉순','R','assets/cards/나무늘봉순/002.webp',50,38,1);
INSERT OR REPLACE INTO cards(id,member_id,title,rarity,image_url,focus_x,focus_y,is_active) VALUES('card-0029',3,'집중한 나무늘봉순','R','assets/cards/나무늘봉순/003.webp',50,38,1);
INSERT OR REPLACE INTO cards(id,member_id,title,rarity,image_url,focus_x,focus_y,is_active) VALUES('card-0030',3,'여유로운 나무늘봉순','C','assets/cards/나무늘봉순/004.webp',50,38,1);
INSERT OR REPLACE INTO cards(id,member_id,title,rarity,image_url,focus_x,focus_y,is_active) VALUES('card-0031',3,'신나는 나무늘봉순','R','assets/cards/나무늘봉순/005.webp',50,38,1);
INSERT OR REPLACE INTO cards(id,member_id,title,rarity,image_url,focus_x,focus_y,is_active) VALUES('card-0032',3,'진지한 나무늘봉순','HR','assets/cards/나무늘봉순/006.webp',50,38,1);
INSERT OR REPLACE INTO cards(id,member_id,title,rarity,image_url,focus_x,focus_y,is_active) VALUES('card-0033',3,'활짝 웃는 나무늘봉순','HR','assets/cards/나무늘봉순/007.webp',50,38,1);
INSERT OR REPLACE INTO cards(id,member_id,title,rarity,image_url,focus_x,focus_y,is_active) VALUES('card-0034',3,'브이하는 나무늘봉순','U','assets/cards/나무늘봉순/008.webp',50,38,1);
INSERT OR REPLACE INTO cards(id,member_id,title,rarity,image_url,focus_x,focus_y,is_active) VALUES('card-0035',3,'응원하는 나무늘봉순','C','assets/cards/나무늘봉순/009.webp',50,38,1);
INSERT OR REPLACE INTO cards(id,member_id,title,rarity,image_url,focus_x,focus_y,is_active) VALUES('card-0036',3,'멋진 나무늘봉순','C','assets/cards/나무늘봉순/010.webp',50,38,1);
INSERT OR REPLACE INTO cards(id,member_id,title,rarity,image_url,focus_x,focus_y,is_active) VALUES('card-0037',3,'귀여운 나무늘봉순','C','assets/cards/나무늘봉순/011.webp',50,38,1);
INSERT OR REPLACE INTO cards(id,member_id,title,rarity,image_url,focus_x,focus_y,is_active) VALUES('card-0038',3,'당당한 나무늘봉순','U','assets/cards/나무늘봉순/012.webp',50,38,1);
INSERT OR REPLACE INTO cards(id,member_id,title,rarity,image_url,focus_x,focus_y,is_active) VALUES('card-0039',3,'즐거운 나무늘봉순','U','assets/cards/나무늘봉순/013.webp',50,38,1);
INSERT OR REPLACE INTO cards(id,member_id,title,rarity,image_url,focus_x,focus_y,is_active) VALUES('card-0040',3,'깜짝 놀란 나무늘봉순','C','assets/cards/나무늘봉순/014.webp',50,38,1);
INSERT OR REPLACE INTO cards(id,member_id,title,rarity,image_url,focus_x,focus_y,is_active) VALUES('card-0041',3,'시무룩한 나무늘봉순','R','assets/cards/나무늘봉순/015.webp',50,38,1);
INSERT OR REPLACE INTO cards(id,member_id,title,rarity,image_url,focus_x,focus_y,is_active) VALUES('card-0042',3,'열정적인 나무늘봉순','R','assets/cards/나무늘봉순/016.webp',50,38,1);
INSERT OR REPLACE INTO cards(id,member_id,title,rarity,image_url,focus_x,focus_y,is_active) VALUES('card-0043',3,'차분한 나무늘봉순','SSR','assets/cards/나무늘봉순/017.webp',50,38,1);
INSERT OR REPLACE INTO cards(id,member_id,title,rarity,image_url,focus_x,focus_y,is_active) VALUES('card-0044',3,'설레는 나무늘봉순','R','assets/cards/나무늘봉순/018.webp',50,38,1);
INSERT OR REPLACE INTO cards(id,member_id,title,rarity,image_url,focus_x,focus_y,is_active) VALUES('card-0045',4,'빛나는 남수댕','UR','assets/cards/남수댕/001.webp',50,38,1);
INSERT OR REPLACE INTO cards(id,member_id,title,rarity,image_url,focus_x,focus_y,is_active) VALUES('card-0046',4,'미소 짓는 남수댕','C','assets/cards/남수댕/002.webp',50,38,1);
INSERT OR REPLACE INTO cards(id,member_id,title,rarity,image_url,focus_x,focus_y,is_active) VALUES('card-0047',4,'집중한 남수댕','HR','assets/cards/남수댕/003.webp',50,38,1);
INSERT OR REPLACE INTO cards(id,member_id,title,rarity,image_url,focus_x,focus_y,is_active) VALUES('card-0048',4,'여유로운 남수댕','C','assets/cards/남수댕/004.webp',50,38,1);
INSERT OR REPLACE INTO cards(id,member_id,title,rarity,image_url,focus_x,focus_y,is_active) VALUES('card-0049',4,'신나는 남수댕','SR','assets/cards/남수댕/005.webp',50,38,1);
INSERT OR REPLACE INTO cards(id,member_id,title,rarity,image_url,focus_x,focus_y,is_active) VALUES('card-0050',4,'진지한 남수댕','U','assets/cards/남수댕/006.webp',50,38,1);
INSERT OR REPLACE INTO cards(id,member_id,title,rarity,image_url,focus_x,focus_y,is_active) VALUES('card-0051',4,'활짝 웃는 남수댕','C','assets/cards/남수댕/007.webp',50,38,1);
INSERT OR REPLACE INTO cards(id,member_id,title,rarity,image_url,focus_x,focus_y,is_active) VALUES('card-0052',4,'브이하는 남수댕','R','assets/cards/남수댕/008.webp',50,38,1);
INSERT OR REPLACE INTO cards(id,member_id,title,rarity,image_url,focus_x,focus_y,is_active) VALUES('card-0053',4,'응원하는 남수댕','SR','assets/cards/남수댕/009.webp',50,38,1);
INSERT OR REPLACE INTO cards(id,member_id,title,rarity,image_url,focus_x,focus_y,is_active) VALUES('card-0054',4,'멋진 남수댕','HR','assets/cards/남수댕/010.webp',50,38,1);
INSERT OR REPLACE INTO cards(id,member_id,title,rarity,image_url,focus_x,focus_y,is_active) VALUES('card-0055',4,'귀여운 남수댕','C','assets/cards/남수댕/011.webp',50,38,1);
INSERT OR REPLACE INTO cards(id,member_id,title,rarity,image_url,focus_x,focus_y,is_active) VALUES('card-0056',4,'당당한 남수댕','R','assets/cards/남수댕/012.webp',50,38,1);
INSERT OR REPLACE INTO cards(id,member_id,title,rarity,image_url,focus_x,focus_y,is_active) VALUES('card-0057',4,'즐거운 남수댕','U','assets/cards/남수댕/013.webp',50,38,1);
INSERT OR REPLACE INTO cards(id,member_id,title,rarity,image_url,focus_x,focus_y,is_active) VALUES('card-0058',4,'깜짝 놀란 남수댕','SR','assets/cards/남수댕/014.webp',50,38,1);
INSERT OR REPLACE INTO cards(id,member_id,title,rarity,image_url,focus_x,focus_y,is_active) VALUES('card-0059',4,'시무룩한 남수댕','SR','assets/cards/남수댕/015.webp',50,38,1);
INSERT OR REPLACE INTO cards(id,member_id,title,rarity,image_url,focus_x,focus_y,is_active) VALUES('card-0060',4,'열정적인 남수댕','SR','assets/cards/남수댕/016.webp',50,38,1);
INSERT OR REPLACE INTO cards(id,member_id,title,rarity,image_url,focus_x,focus_y,is_active) VALUES('card-0061',4,'차분한 남수댕','C','assets/cards/남수댕/017.webp',50,38,1);
INSERT OR REPLACE INTO cards(id,member_id,title,rarity,image_url,focus_x,focus_y,is_active) VALUES('card-0062',4,'설레는 남수댕','R','assets/cards/남수댕/018.webp',50,38,1);
INSERT OR REPLACE INTO cards(id,member_id,title,rarity,image_url,focus_x,focus_y,is_active) VALUES('card-0063',4,'승리한 남수댕','U','assets/cards/남수댕/019.webp',50,38,1);
INSERT OR REPLACE INTO cards(id,member_id,title,rarity,image_url,focus_x,focus_y,is_active) VALUES('card-0064',4,'기뻐하는 남수댕','U','assets/cards/남수댕/020.webp',50,38,1);
INSERT OR REPLACE INTO cards(id,member_id,title,rarity,image_url,focus_x,focus_y,is_active) VALUES('card-0065',4,'빛나는 남수댕','C','assets/cards/남수댕/021.webp',50,38,1);
INSERT OR REPLACE INTO cards(id,member_id,title,rarity,image_url,focus_x,focus_y,is_active) VALUES('card-0066',4,'미소 짓는 남수댕','R','assets/cards/남수댕/022.webp',50,38,1);
INSERT OR REPLACE INTO cards(id,member_id,title,rarity,image_url,focus_x,focus_y,is_active) VALUES('card-0067',4,'집중한 남수댕','SR','assets/cards/남수댕/023.webp',50,38,1);
INSERT OR REPLACE INTO cards(id,member_id,title,rarity,image_url,focus_x,focus_y,is_active) VALUES('card-0068',4,'여유로운 남수댕','HR','assets/cards/남수댕/024.webp',50,38,1);
INSERT OR REPLACE INTO cards(id,member_id,title,rarity,image_url,focus_x,focus_y,is_active) VALUES('card-0069',4,'신나는 남수댕','R','assets/cards/남수댕/025.webp',50,38,1);
INSERT OR REPLACE INTO cards(id,member_id,title,rarity,image_url,focus_x,focus_y,is_active) VALUES('card-0070',4,'진지한 남수댕','R','assets/cards/남수댕/026.webp',50,38,1);
INSERT OR REPLACE INTO cards(id,member_id,title,rarity,image_url,focus_x,focus_y,is_active) VALUES('card-0071',4,'활짝 웃는 남수댕','C','assets/cards/남수댕/027.webp',50,38,1);
INSERT OR REPLACE INTO cards(id,member_id,title,rarity,image_url,focus_x,focus_y,is_active) VALUES('card-0072',4,'브이하는 남수댕','C','assets/cards/남수댕/028.webp',50,38,1);
INSERT OR REPLACE INTO cards(id,member_id,title,rarity,image_url,focus_x,focus_y,is_active) VALUES('card-0073',4,'응원하는 남수댕','SR','assets/cards/남수댕/029.webp',50,38,1);
INSERT OR REPLACE INTO cards(id,member_id,title,rarity,image_url,focus_x,focus_y,is_active) VALUES('card-0074',4,'멋진 남수댕','C','assets/cards/남수댕/030.webp',50,38,1);
INSERT OR REPLACE INTO cards(id,member_id,title,rarity,image_url,focus_x,focus_y,is_active) VALUES('card-0075',4,'귀여운 남수댕','C','assets/cards/남수댕/031.webp',50,38,1);
INSERT OR REPLACE INTO cards(id,member_id,title,rarity,image_url,focus_x,focus_y,is_active) VALUES('card-0076',5,'빛나는 란란','HR','assets/cards/란란/001.webp',50,38,1);
INSERT OR REPLACE INTO cards(id,member_id,title,rarity,image_url,focus_x,focus_y,is_active) VALUES('card-0077',5,'미소 짓는 란란','R','assets/cards/란란/002.webp',50,38,1);
INSERT OR REPLACE INTO cards(id,member_id,title,rarity,image_url,focus_x,focus_y,is_active) VALUES('card-0078',5,'집중한 란란','HR','assets/cards/란란/003.webp',50,38,1);
INSERT OR REPLACE INTO cards(id,member_id,title,rarity,image_url,focus_x,focus_y,is_active) VALUES('card-0079',5,'여유로운 란란','HR','assets/cards/란란/004.webp',50,38,1);
INSERT OR REPLACE INTO cards(id,member_id,title,rarity,image_url,focus_x,focus_y,is_active) VALUES('card-0080',5,'신나는 란란','R','assets/cards/란란/005.webp',50,38,1);
INSERT OR REPLACE INTO cards(id,member_id,title,rarity,image_url,focus_x,focus_y,is_active) VALUES('card-0081',5,'진지한 란란','SR','assets/cards/란란/006.webp',50,38,1);
INSERT OR REPLACE INTO cards(id,member_id,title,rarity,image_url,focus_x,focus_y,is_active) VALUES('card-0082',5,'활짝 웃는 란란','U','assets/cards/란란/007.webp',50,38,1);
INSERT OR REPLACE INTO cards(id,member_id,title,rarity,image_url,focus_x,focus_y,is_active) VALUES('card-0083',6,'빛나는 모리','C','assets/cards/모리/001.webp',50,38,1);
INSERT OR REPLACE INTO cards(id,member_id,title,rarity,image_url,focus_x,focus_y,is_active) VALUES('card-0084',6,'미소 짓는 모리','SR','assets/cards/모리/002.webp',50,38,1);
INSERT OR REPLACE INTO cards(id,member_id,title,rarity,image_url,focus_x,focus_y,is_active) VALUES('card-0085',6,'집중한 모리','HR','assets/cards/모리/003.webp',50,38,1);
INSERT OR REPLACE INTO cards(id,member_id,title,rarity,image_url,focus_x,focus_y,is_active) VALUES('card-0086',6,'여유로운 모리','C','assets/cards/모리/004.webp',50,38,1);
INSERT OR REPLACE INTO cards(id,member_id,title,rarity,image_url,focus_x,focus_y,is_active) VALUES('card-0087',6,'신나는 모리','R','assets/cards/모리/005.webp',50,38,1);
INSERT OR REPLACE INTO cards(id,member_id,title,rarity,image_url,focus_x,focus_y,is_active) VALUES('card-0088',6,'진지한 모리','R','assets/cards/모리/006.webp',50,38,1);
INSERT OR REPLACE INTO cards(id,member_id,title,rarity,image_url,focus_x,focus_y,is_active) VALUES('card-0089',7,'빛나는 박재혁','SR','assets/cards/박재혁/001.webp',50,38,1);
INSERT OR REPLACE INTO cards(id,member_id,title,rarity,image_url,focus_x,focus_y,is_active) VALUES('card-0090',7,'미소 짓는 박재혁','R','assets/cards/박재혁/002.webp',50,38,1);
INSERT OR REPLACE INTO cards(id,member_id,title,rarity,image_url,focus_x,focus_y,is_active) VALUES('card-0091',7,'집중한 박재혁','HR','assets/cards/박재혁/003.webp',50,38,1);
INSERT OR REPLACE INTO cards(id,member_id,title,rarity,image_url,focus_x,focus_y,is_active) VALUES('card-0092',7,'여유로운 박재혁','U','assets/cards/박재혁/004.webp',50,38,1);
INSERT OR REPLACE INTO cards(id,member_id,title,rarity,image_url,focus_x,focus_y,is_active) VALUES('card-0093',7,'신나는 박재혁','C','assets/cards/박재혁/005.webp',50,38,1);
INSERT OR REPLACE INTO cards(id,member_id,title,rarity,image_url,focus_x,focus_y,is_active) VALUES('card-0094',7,'진지한 박재혁','UR','assets/cards/박재혁/006.webp',50,38,1);
INSERT OR REPLACE INTO cards(id,member_id,title,rarity,image_url,focus_x,focus_y,is_active) VALUES('card-0095',7,'활짝 웃는 박재혁','R','assets/cards/박재혁/007.webp',50,38,1);
INSERT OR REPLACE INTO cards(id,member_id,title,rarity,image_url,focus_x,focus_y,is_active) VALUES('card-0096',7,'브이하는 박재혁','C','assets/cards/박재혁/008.webp',50,38,1);
INSERT OR REPLACE INTO cards(id,member_id,title,rarity,image_url,focus_x,focus_y,is_active) VALUES('card-0097',7,'응원하는 박재혁','R','assets/cards/박재혁/009.webp',50,38,1);
INSERT OR REPLACE INTO cards(id,member_id,title,rarity,image_url,focus_x,focus_y,is_active) VALUES('card-0098',8,'빛나는 빵훈이','C','assets/cards/빵훈이/001.webp',50,38,1);
INSERT OR REPLACE INTO cards(id,member_id,title,rarity,image_url,focus_x,focus_y,is_active) VALUES('card-0099',8,'미소 짓는 빵훈이','U','assets/cards/빵훈이/002.webp',50,38,1);
INSERT OR REPLACE INTO cards(id,member_id,title,rarity,image_url,focus_x,focus_y,is_active) VALUES('card-0100',8,'집중한 빵훈이','C','assets/cards/빵훈이/003.webp',50,38,1);
INSERT OR REPLACE INTO cards(id,member_id,title,rarity,image_url,focus_x,focus_y,is_active) VALUES('card-0101',8,'여유로운 빵훈이','R','assets/cards/빵훈이/004.webp',50,38,1);
INSERT OR REPLACE INTO cards(id,member_id,title,rarity,image_url,focus_x,focus_y,is_active) VALUES('card-0102',8,'신나는 빵훈이','UR','assets/cards/빵훈이/005.webp',50,38,1);
INSERT OR REPLACE INTO cards(id,member_id,title,rarity,image_url,focus_x,focus_y,is_active) VALUES('card-0103',8,'진지한 빵훈이','R','assets/cards/빵훈이/006.webp',50,38,1);
INSERT OR REPLACE INTO cards(id,member_id,title,rarity,image_url,focus_x,focus_y,is_active) VALUES('card-0104',8,'활짝 웃는 빵훈이','R','assets/cards/빵훈이/007.webp',50,38,1);
INSERT OR REPLACE INTO cards(id,member_id,title,rarity,image_url,focus_x,focus_y,is_active) VALUES('card-0105',8,'브이하는 빵훈이','R','assets/cards/빵훈이/008.webp',50,38,1);
INSERT OR REPLACE INTO cards(id,member_id,title,rarity,image_url,focus_x,focus_y,is_active) VALUES('card-0106',9,'빛나는 쁠리','U','assets/cards/쁠리/001.webp',50,38,1);
INSERT OR REPLACE INTO cards(id,member_id,title,rarity,image_url,focus_x,focus_y,is_active) VALUES('card-0107',9,'미소 짓는 쁠리','R','assets/cards/쁠리/002.webp',50,38,1);
INSERT OR REPLACE INTO cards(id,member_id,title,rarity,image_url,focus_x,focus_y,is_active) VALUES('card-0108',9,'집중한 쁠리','SR','assets/cards/쁠리/003.webp',50,38,1);
INSERT OR REPLACE INTO cards(id,member_id,title,rarity,image_url,focus_x,focus_y,is_active) VALUES('card-0109',9,'여유로운 쁠리','UR','assets/cards/쁠리/004.webp',50,38,1);
INSERT OR REPLACE INTO cards(id,member_id,title,rarity,image_url,focus_x,focus_y,is_active) VALUES('card-0110',9,'신나는 쁠리','C','assets/cards/쁠리/005.webp',50,38,1);
INSERT OR REPLACE INTO cards(id,member_id,title,rarity,image_url,focus_x,focus_y,is_active) VALUES('card-0111',9,'진지한 쁠리','SR','assets/cards/쁠리/006.webp',50,38,1);
INSERT OR REPLACE INTO cards(id,member_id,title,rarity,image_url,focus_x,focus_y,is_active) VALUES('card-0112',9,'활짝 웃는 쁠리','U','assets/cards/쁠리/007.webp',50,38,1);
INSERT OR REPLACE INTO cards(id,member_id,title,rarity,image_url,focus_x,focus_y,is_active) VALUES('card-0113',9,'브이하는 쁠리','U','assets/cards/쁠리/008.webp',50,38,1);
INSERT OR REPLACE INTO cards(id,member_id,title,rarity,image_url,focus_x,focus_y,is_active) VALUES('card-0114',9,'응원하는 쁠리','SR','assets/cards/쁠리/009.webp',50,38,1);
INSERT OR REPLACE INTO cards(id,member_id,title,rarity,image_url,focus_x,focus_y,is_active) VALUES('card-0115',9,'멋진 쁠리','C','assets/cards/쁠리/010.webp',50,38,1);
INSERT OR REPLACE INTO cards(id,member_id,title,rarity,image_url,focus_x,focus_y,is_active) VALUES('card-0116',9,'귀여운 쁠리','C','assets/cards/쁠리/011.webp',50,38,1);
INSERT OR REPLACE INTO cards(id,member_id,title,rarity,image_url,focus_x,focus_y,is_active) VALUES('card-0117',10,'빛나는 아윤','C','assets/cards/아윤/001.webp',50,38,1);
INSERT OR REPLACE INTO cards(id,member_id,title,rarity,image_url,focus_x,focus_y,is_active) VALUES('card-0118',10,'미소 짓는 아윤','U','assets/cards/아윤/002.webp',50,38,1);
INSERT OR REPLACE INTO cards(id,member_id,title,rarity,image_url,focus_x,focus_y,is_active) VALUES('card-0119',10,'집중한 아윤','C','assets/cards/아윤/003.webp',50,38,1);
INSERT OR REPLACE INTO cards(id,member_id,title,rarity,image_url,focus_x,focus_y,is_active) VALUES('card-0120',10,'여유로운 아윤','U','assets/cards/아윤/004.webp',50,38,1);
INSERT OR REPLACE INTO cards(id,member_id,title,rarity,image_url,focus_x,focus_y,is_active) VALUES('card-0121',10,'신나는 아윤','R','assets/cards/아윤/005.webp',50,38,1);
INSERT OR REPLACE INTO cards(id,member_id,title,rarity,image_url,focus_x,focus_y,is_active) VALUES('card-0122',10,'진지한 아윤','SR','assets/cards/아윤/006.webp',50,38,1);
INSERT OR REPLACE INTO cards(id,member_id,title,rarity,image_url,focus_x,focus_y,is_active) VALUES('card-0123',10,'활짝 웃는 아윤','R','assets/cards/아윤/007.webp',50,38,1);
INSERT OR REPLACE INTO cards(id,member_id,title,rarity,image_url,focus_x,focus_y,is_active) VALUES('card-0124',10,'브이하는 아윤','U','assets/cards/아윤/008.webp',50,38,1);
INSERT OR REPLACE INTO cards(id,member_id,title,rarity,image_url,focus_x,focus_y,is_active) VALUES('card-0125',10,'응원하는 아윤','U','assets/cards/아윤/009.webp',50,38,1);
INSERT OR REPLACE INTO cards(id,member_id,title,rarity,image_url,focus_x,focus_y,is_active) VALUES('card-0126',10,'멋진 아윤','R','assets/cards/아윤/010.webp',50,38,1);
INSERT OR REPLACE INTO cards(id,member_id,title,rarity,image_url,focus_x,focus_y,is_active) VALUES('card-0127',10,'귀여운 아윤','R','assets/cards/아윤/011.webp',50,38,1);
INSERT OR REPLACE INTO cards(id,member_id,title,rarity,image_url,focus_x,focus_y,is_active) VALUES('card-0128',11,'빛나는 애순이','R','assets/cards/애순이/001.webp',50,38,1);
INSERT OR REPLACE INTO cards(id,member_id,title,rarity,image_url,focus_x,focus_y,is_active) VALUES('card-0129',11,'미소 짓는 애순이','C','assets/cards/애순이/002.webp',50,38,1);
INSERT OR REPLACE INTO cards(id,member_id,title,rarity,image_url,focus_x,focus_y,is_active) VALUES('card-0130',11,'집중한 애순이','R','assets/cards/애순이/003.webp',50,38,1);
INSERT OR REPLACE INTO cards(id,member_id,title,rarity,image_url,focus_x,focus_y,is_active) VALUES('card-0131',11,'여유로운 애순이','UR','assets/cards/애순이/004.webp',50,38,1);
INSERT OR REPLACE INTO cards(id,member_id,title,rarity,image_url,focus_x,focus_y,is_active) VALUES('card-0132',11,'신나는 애순이','C','assets/cards/애순이/005.webp',50,38,1);
INSERT OR REPLACE INTO cards(id,member_id,title,rarity,image_url,focus_x,focus_y,is_active) VALUES('card-0133',11,'진지한 애순이','UR','assets/cards/애순이/006.webp',50,38,1);
INSERT OR REPLACE INTO cards(id,member_id,title,rarity,image_url,focus_x,focus_y,is_active) VALUES('card-0134',11,'활짝 웃는 애순이','SR','assets/cards/애순이/007.webp',50,38,1);
INSERT OR REPLACE INTO cards(id,member_id,title,rarity,image_url,focus_x,focus_y,is_active) VALUES('card-0135',11,'브이하는 애순이','U','assets/cards/애순이/008.webp',50,38,1);
INSERT OR REPLACE INTO cards(id,member_id,title,rarity,image_url,focus_x,focus_y,is_active) VALUES('card-0136',11,'응원하는 애순이','U','assets/cards/애순이/009.webp',50,38,1);
INSERT OR REPLACE INTO cards(id,member_id,title,rarity,image_url,focus_x,focus_y,is_active) VALUES('card-0137',12,'빛나는 앵지','C','assets/cards/앵지/001.webp',50,38,1);
INSERT OR REPLACE INTO cards(id,member_id,title,rarity,image_url,focus_x,focus_y,is_active) VALUES('card-0138',12,'미소 짓는 앵지','C','assets/cards/앵지/002.webp',50,38,1);
INSERT OR REPLACE INTO cards(id,member_id,title,rarity,image_url,focus_x,focus_y,is_active) VALUES('card-0139',12,'집중한 앵지','SR','assets/cards/앵지/003.webp',50,38,1);
INSERT OR REPLACE INTO cards(id,member_id,title,rarity,image_url,focus_x,focus_y,is_active) VALUES('card-0140',12,'여유로운 앵지','C','assets/cards/앵지/004.webp',50,38,1);
INSERT OR REPLACE INTO cards(id,member_id,title,rarity,image_url,focus_x,focus_y,is_active) VALUES('card-0141',12,'신나는 앵지','SR','assets/cards/앵지/005.webp',50,38,1);
INSERT OR REPLACE INTO cards(id,member_id,title,rarity,image_url,focus_x,focus_y,is_active) VALUES('card-0142',12,'진지한 앵지','SR','assets/cards/앵지/006.webp',50,38,1);
INSERT OR REPLACE INTO cards(id,member_id,title,rarity,image_url,focus_x,focus_y,is_active) VALUES('card-0143',12,'활짝 웃는 앵지','U','assets/cards/앵지/007.webp',50,38,1);
INSERT OR REPLACE INTO cards(id,member_id,title,rarity,image_url,focus_x,focus_y,is_active) VALUES('card-0144',12,'브이하는 앵지','C','assets/cards/앵지/008.webp',50,38,1);
INSERT OR REPLACE INTO cards(id,member_id,title,rarity,image_url,focus_x,focus_y,is_active) VALUES('card-0145',12,'응원하는 앵지','C','assets/cards/앵지/009.webp',50,38,1);
INSERT OR REPLACE INTO cards(id,member_id,title,rarity,image_url,focus_x,focus_y,is_active) VALUES('card-0146',12,'멋진 앵지','U','assets/cards/앵지/010.webp',50,38,1);
INSERT OR REPLACE INTO cards(id,member_id,title,rarity,image_url,focus_x,focus_y,is_active) VALUES('card-0147',12,'귀여운 앵지','C','assets/cards/앵지/011.webp',50,38,1);
INSERT OR REPLACE INTO cards(id,member_id,title,rarity,image_url,focus_x,focus_y,is_active) VALUES('card-0148',12,'당당한 앵지','SR','assets/cards/앵지/012.webp',50,38,1);
INSERT OR REPLACE INTO cards(id,member_id,title,rarity,image_url,focus_x,focus_y,is_active) VALUES('card-0149',12,'즐거운 앵지','UR','assets/cards/앵지/013.webp',50,38,1);
INSERT OR REPLACE INTO cards(id,member_id,title,rarity,image_url,focus_x,focus_y,is_active) VALUES('card-0150',12,'깜짝 놀란 앵지','C','assets/cards/앵지/014.webp',50,38,1);
INSERT OR REPLACE INTO cards(id,member_id,title,rarity,image_url,focus_x,focus_y,is_active) VALUES('card-0151',13,'빛나는 어윤수','R','assets/cards/어윤수/001.webp',50,38,1);
INSERT OR REPLACE INTO cards(id,member_id,title,rarity,image_url,focus_x,focus_y,is_active) VALUES('card-0152',13,'미소 짓는 어윤수','U','assets/cards/어윤수/002.webp',50,38,1);
INSERT OR REPLACE INTO cards(id,member_id,title,rarity,image_url,focus_x,focus_y,is_active) VALUES('card-0153',13,'집중한 어윤수','U','assets/cards/어윤수/003.webp',50,38,1);
INSERT OR REPLACE INTO cards(id,member_id,title,rarity,image_url,focus_x,focus_y,is_active) VALUES('card-0154',13,'여유로운 어윤수','SR','assets/cards/어윤수/004.webp',50,38,1);
INSERT OR REPLACE INTO cards(id,member_id,title,rarity,image_url,focus_x,focus_y,is_active) VALUES('card-0155',13,'신나는 어윤수','U','assets/cards/어윤수/005.webp',50,38,1);
INSERT OR REPLACE INTO cards(id,member_id,title,rarity,image_url,focus_x,focus_y,is_active) VALUES('card-0156',13,'진지한 어윤수','C','assets/cards/어윤수/006.webp',50,38,1);
INSERT OR REPLACE INTO cards(id,member_id,title,rarity,image_url,focus_x,focus_y,is_active) VALUES('card-0157',13,'활짝 웃는 어윤수','U','assets/cards/어윤수/007.webp',50,38,1);
INSERT OR REPLACE INTO cards(id,member_id,title,rarity,image_url,focus_x,focus_y,is_active) VALUES('card-0158',13,'브이하는 어윤수','U','assets/cards/어윤수/008.webp',50,38,1);
INSERT OR REPLACE INTO cards(id,member_id,title,rarity,image_url,focus_x,focus_y,is_active) VALUES('card-0159',13,'응원하는 어윤수','R','assets/cards/어윤수/009.webp',50,38,1);
INSERT OR REPLACE INTO cards(id,member_id,title,rarity,image_url,focus_x,focus_y,is_active) VALUES('card-0160',13,'멋진 어윤수','U','assets/cards/어윤수/010.webp',50,38,1);
INSERT OR REPLACE INTO cards(id,member_id,title,rarity,image_url,focus_x,focus_y,is_active) VALUES('card-0161',14,'빛나는 오리꿍','C','assets/cards/오리꿍/001.webp',50,38,1);
INSERT OR REPLACE INTO cards(id,member_id,title,rarity,image_url,focus_x,focus_y,is_active) VALUES('card-0162',14,'미소 짓는 오리꿍','C','assets/cards/오리꿍/002.webp',50,38,1);
INSERT OR REPLACE INTO cards(id,member_id,title,rarity,image_url,focus_x,focus_y,is_active) VALUES('card-0163',14,'집중한 오리꿍','C','assets/cards/오리꿍/003.webp',50,38,1);
INSERT OR REPLACE INTO cards(id,member_id,title,rarity,image_url,focus_x,focus_y,is_active) VALUES('card-0164',14,'여유로운 오리꿍','R','assets/cards/오리꿍/004.webp',50,38,1);
INSERT OR REPLACE INTO cards(id,member_id,title,rarity,image_url,focus_x,focus_y,is_active) VALUES('card-0165',14,'신나는 오리꿍','U','assets/cards/오리꿍/005.webp',50,38,1);
INSERT OR REPLACE INTO cards(id,member_id,title,rarity,image_url,focus_x,focus_y,is_active) VALUES('card-0166',14,'진지한 오리꿍','C','assets/cards/오리꿍/006.webp',50,38,1);
INSERT OR REPLACE INTO cards(id,member_id,title,rarity,image_url,focus_x,focus_y,is_active) VALUES('card-0167',14,'활짝 웃는 오리꿍','C','assets/cards/오리꿍/007.webp',50,38,1);
INSERT OR REPLACE INTO cards(id,member_id,title,rarity,image_url,focus_x,focus_y,is_active) VALUES('card-0168',14,'브이하는 오리꿍','R','assets/cards/오리꿍/008.webp',50,38,1);
INSERT OR REPLACE INTO cards(id,member_id,title,rarity,image_url,focus_x,focus_y,is_active) VALUES('card-0169',14,'응원하는 오리꿍','U','assets/cards/오리꿍/009.webp',50,38,1);
INSERT OR REPLACE INTO cards(id,member_id,title,rarity,image_url,focus_x,focus_y,is_active) VALUES('card-0170',15,'빛나는 오조은','R','assets/cards/오조은/001.webp',50,38,1);
INSERT OR REPLACE INTO cards(id,member_id,title,rarity,image_url,focus_x,focus_y,is_active) VALUES('card-0171',15,'미소 짓는 오조은','R','assets/cards/오조은/002.webp',50,38,1);
INSERT OR REPLACE INTO cards(id,member_id,title,rarity,image_url,focus_x,focus_y,is_active) VALUES('card-0172',15,'집중한 오조은','SR','assets/cards/오조은/003.webp',50,38,1);
INSERT OR REPLACE INTO cards(id,member_id,title,rarity,image_url,focus_x,focus_y,is_active) VALUES('card-0173',15,'여유로운 오조은','C','assets/cards/오조은/004.webp',50,38,1);
INSERT OR REPLACE INTO cards(id,member_id,title,rarity,image_url,focus_x,focus_y,is_active) VALUES('card-0174',15,'신나는 오조은','C','assets/cards/오조은/005.webp',50,38,1);
INSERT OR REPLACE INTO cards(id,member_id,title,rarity,image_url,focus_x,focus_y,is_active) VALUES('card-0175',15,'진지한 오조은','U','assets/cards/오조은/006.webp',50,38,1);
INSERT OR REPLACE INTO cards(id,member_id,title,rarity,image_url,focus_x,focus_y,is_active) VALUES('card-0176',15,'활짝 웃는 오조은','C','assets/cards/오조은/007.webp',50,38,1);
INSERT OR REPLACE INTO cards(id,member_id,title,rarity,image_url,focus_x,focus_y,is_active) VALUES('card-0177',15,'브이하는 오조은','C','assets/cards/오조은/008.webp',50,38,1);
INSERT OR REPLACE INTO cards(id,member_id,title,rarity,image_url,focus_x,focus_y,is_active) VALUES('card-0178',15,'응원하는 오조은','C','assets/cards/오조은/009.webp',50,38,1);
INSERT OR REPLACE INTO cards(id,member_id,title,rarity,image_url,focus_x,focus_y,is_active) VALUES('card-0179',15,'멋진 오조은','SR','assets/cards/오조은/010.webp',50,38,1);
INSERT OR REPLACE INTO cards(id,member_id,title,rarity,image_url,focus_x,focus_y,is_active) VALUES('card-0180',16,'빛나는 왜냐맨','HR','assets/cards/왜냐맨/001.webp',50,38,1);
INSERT OR REPLACE INTO cards(id,member_id,title,rarity,image_url,focus_x,focus_y,is_active) VALUES('card-0181',16,'미소 짓는 왜냐맨','U','assets/cards/왜냐맨/002.webp',50,38,1);
INSERT OR REPLACE INTO cards(id,member_id,title,rarity,image_url,focus_x,focus_y,is_active) VALUES('card-0182',16,'집중한 왜냐맨','U','assets/cards/왜냐맨/003.webp',50,38,1);
INSERT OR REPLACE INTO cards(id,member_id,title,rarity,image_url,focus_x,focus_y,is_active) VALUES('card-0183',16,'여유로운 왜냐맨','U','assets/cards/왜냐맨/004.webp',50,38,1);
INSERT OR REPLACE INTO cards(id,member_id,title,rarity,image_url,focus_x,focus_y,is_active) VALUES('card-0184',16,'신나는 왜냐맨','C','assets/cards/왜냐맨/005.webp',50,38,1);
INSERT OR REPLACE INTO cards(id,member_id,title,rarity,image_url,focus_x,focus_y,is_active) VALUES('card-0185',16,'진지한 왜냐맨','C','assets/cards/왜냐맨/006.webp',50,38,1);
INSERT OR REPLACE INTO cards(id,member_id,title,rarity,image_url,focus_x,focus_y,is_active) VALUES('card-0186',17,'빛나는 요닝','C','assets/cards/요닝/001.webp',50,38,1);
INSERT OR REPLACE INTO cards(id,member_id,title,rarity,image_url,focus_x,focus_y,is_active) VALUES('card-0187',17,'미소 짓는 요닝','R','assets/cards/요닝/002.webp',50,38,1);
INSERT OR REPLACE INTO cards(id,member_id,title,rarity,image_url,focus_x,focus_y,is_active) VALUES('card-0188',17,'집중한 요닝','R','assets/cards/요닝/003.webp',50,38,1);
INSERT OR REPLACE INTO cards(id,member_id,title,rarity,image_url,focus_x,focus_y,is_active) VALUES('card-0189',17,'여유로운 요닝','C','assets/cards/요닝/004.webp',50,38,1);
INSERT OR REPLACE INTO cards(id,member_id,title,rarity,image_url,focus_x,focus_y,is_active) VALUES('card-0190',17,'신나는 요닝','R','assets/cards/요닝/005.webp',50,38,1);
INSERT OR REPLACE INTO cards(id,member_id,title,rarity,image_url,focus_x,focus_y,is_active) VALUES('card-0191',17,'진지한 요닝','R','assets/cards/요닝/006.webp',50,38,1);
INSERT OR REPLACE INTO cards(id,member_id,title,rarity,image_url,focus_x,focus_y,is_active) VALUES('card-0192',17,'활짝 웃는 요닝','UR','assets/cards/요닝/007.webp',50,38,1);
INSERT OR REPLACE INTO cards(id,member_id,title,rarity,image_url,focus_x,focus_y,is_active) VALUES('card-0193',18,'빛나는 유별','C','assets/cards/유별/001.webp',50,38,1);
INSERT OR REPLACE INTO cards(id,member_id,title,rarity,image_url,focus_x,focus_y,is_active) VALUES('card-0194',18,'미소 짓는 유별','HR','assets/cards/유별/002.webp',50,38,1);
INSERT OR REPLACE INTO cards(id,member_id,title,rarity,image_url,focus_x,focus_y,is_active) VALUES('card-0195',18,'집중한 유별','R','assets/cards/유별/003.webp',50,38,1);
INSERT OR REPLACE INTO cards(id,member_id,title,rarity,image_url,focus_x,focus_y,is_active) VALUES('card-0196',18,'여유로운 유별','U','assets/cards/유별/004.webp',50,38,1);
INSERT OR REPLACE INTO cards(id,member_id,title,rarity,image_url,focus_x,focus_y,is_active) VALUES('card-0197',18,'신나는 유별','R','assets/cards/유별/005.webp',50,38,1);
INSERT OR REPLACE INTO cards(id,member_id,title,rarity,image_url,focus_x,focus_y,is_active) VALUES('card-0198',18,'진지한 유별','U','assets/cards/유별/006.webp',50,38,1);
INSERT OR REPLACE INTO cards(id,member_id,title,rarity,image_url,focus_x,focus_y,is_active) VALUES('card-0199',18,'활짝 웃는 유별','SR','assets/cards/유별/007.webp',50,38,1);
INSERT OR REPLACE INTO cards(id,member_id,title,rarity,image_url,focus_x,focus_y,is_active) VALUES('card-0200',19,'빛나는 유승곤','U','assets/cards/유승곤/001.webp',50,38,1);
INSERT OR REPLACE INTO cards(id,member_id,title,rarity,image_url,focus_x,focus_y,is_active) VALUES('card-0201',19,'미소 짓는 유승곤','R','assets/cards/유승곤/002.webp',50,38,1);
INSERT OR REPLACE INTO cards(id,member_id,title,rarity,image_url,focus_x,focus_y,is_active) VALUES('card-0202',19,'집중한 유승곤','U','assets/cards/유승곤/003.webp',50,38,1);
INSERT OR REPLACE INTO cards(id,member_id,title,rarity,image_url,focus_x,focus_y,is_active) VALUES('card-0203',19,'여유로운 유승곤','U','assets/cards/유승곤/004.webp',50,38,1);
INSERT OR REPLACE INTO cards(id,member_id,title,rarity,image_url,focus_x,focus_y,is_active) VALUES('card-0204',19,'신나는 유승곤','U','assets/cards/유승곤/005.webp',50,38,1);
INSERT OR REPLACE INTO cards(id,member_id,title,rarity,image_url,focus_x,focus_y,is_active) VALUES('card-0205',19,'진지한 유승곤','SR','assets/cards/유승곤/006.webp',50,38,1);
INSERT OR REPLACE INTO cards(id,member_id,title,rarity,image_url,focus_x,focus_y,is_active) VALUES('card-0206',19,'활짝 웃는 유승곤','R','assets/cards/유승곤/007.webp',50,38,1);
INSERT OR REPLACE INTO cards(id,member_id,title,rarity,image_url,focus_x,focus_y,is_active) VALUES('card-0207',20,'빛나는 유주현','C','assets/cards/유주현/001.webp',50,38,1);
INSERT OR REPLACE INTO cards(id,member_id,title,rarity,image_url,focus_x,focus_y,is_active) VALUES('card-0208',20,'미소 짓는 유주현','C','assets/cards/유주현/002.webp',50,38,1);
INSERT OR REPLACE INTO cards(id,member_id,title,rarity,image_url,focus_x,focus_y,is_active) VALUES('card-0209',20,'집중한 유주현','R','assets/cards/유주현/003.webp',50,38,1);
INSERT OR REPLACE INTO cards(id,member_id,title,rarity,image_url,focus_x,focus_y,is_active) VALUES('card-0210',20,'여유로운 유주현','C','assets/cards/유주현/004.webp',50,38,1);
INSERT OR REPLACE INTO cards(id,member_id,title,rarity,image_url,focus_x,focus_y,is_active) VALUES('card-0211',20,'신나는 유주현','R','assets/cards/유주현/005.webp',50,38,1);
INSERT OR REPLACE INTO cards(id,member_id,title,rarity,image_url,focus_x,focus_y,is_active) VALUES('card-0212',20,'진지한 유주현','R','assets/cards/유주현/006.webp',50,38,1);
INSERT OR REPLACE INTO cards(id,member_id,title,rarity,image_url,focus_x,focus_y,is_active) VALUES('card-0213',21,'빛나는 윤용태','C','assets/cards/윤용태/001.webp',50,38,1);
INSERT OR REPLACE INTO cards(id,member_id,title,rarity,image_url,focus_x,focus_y,is_active) VALUES('card-0214',21,'미소 짓는 윤용태','R','assets/cards/윤용태/002.webp',50,38,1);
INSERT OR REPLACE INTO cards(id,member_id,title,rarity,image_url,focus_x,focus_y,is_active) VALUES('card-0215',21,'집중한 윤용태','U','assets/cards/윤용태/003.webp',50,38,1);
INSERT OR REPLACE INTO cards(id,member_id,title,rarity,image_url,focus_x,focus_y,is_active) VALUES('card-0216',21,'여유로운 윤용태','HR','assets/cards/윤용태/004.webp',50,38,1);
INSERT OR REPLACE INTO cards(id,member_id,title,rarity,image_url,focus_x,focus_y,is_active) VALUES('card-0217',21,'신나는 윤용태','SR','assets/cards/윤용태/005.webp',50,38,1);
INSERT OR REPLACE INTO cards(id,member_id,title,rarity,image_url,focus_x,focus_y,is_active) VALUES('card-0218',21,'진지한 윤용태','R','assets/cards/윤용태/006.webp',50,38,1);
INSERT OR REPLACE INTO cards(id,member_id,title,rarity,image_url,focus_x,focus_y,is_active) VALUES('card-0219',21,'활짝 웃는 윤용태','SR','assets/cards/윤용태/007.webp',50,38,1);
INSERT OR REPLACE INTO cards(id,member_id,title,rarity,image_url,focus_x,focus_y,is_active) VALUES('card-0220',21,'브이하는 윤용태','U','assets/cards/윤용태/008.webp',50,38,1);
INSERT OR REPLACE INTO cards(id,member_id,title,rarity,image_url,focus_x,focus_y,is_active) VALUES('card-0221',21,'응원하는 윤용태','HR','assets/cards/윤용태/009.webp',50,38,1);
INSERT OR REPLACE INTO cards(id,member_id,title,rarity,image_url,focus_x,focus_y,is_active) VALUES('card-0222',21,'멋진 윤용태','R','assets/cards/윤용태/010.webp',50,38,1);
INSERT OR REPLACE INTO cards(id,member_id,title,rarity,image_url,focus_x,focus_y,is_active) VALUES('card-0223',22,'빛나는 이다니','UR','assets/cards/이다니/001.webp',50,38,1);
INSERT OR REPLACE INTO cards(id,member_id,title,rarity,image_url,focus_x,focus_y,is_active) VALUES('card-0224',22,'미소 짓는 이다니','U','assets/cards/이다니/002.webp',50,38,1);
INSERT OR REPLACE INTO cards(id,member_id,title,rarity,image_url,focus_x,focus_y,is_active) VALUES('card-0225',22,'집중한 이다니','C','assets/cards/이다니/003.webp',50,38,1);
INSERT OR REPLACE INTO cards(id,member_id,title,rarity,image_url,focus_x,focus_y,is_active) VALUES('card-0226',22,'여유로운 이다니','C','assets/cards/이다니/004.webp',50,38,1);
INSERT OR REPLACE INTO cards(id,member_id,title,rarity,image_url,focus_x,focus_y,is_active) VALUES('card-0227',22,'신나는 이다니','SR','assets/cards/이다니/005.webp',50,38,1);
INSERT OR REPLACE INTO cards(id,member_id,title,rarity,image_url,focus_x,focus_y,is_active) VALUES('card-0228',22,'진지한 이다니','HR','assets/cards/이다니/006.webp',50,38,1);
INSERT OR REPLACE INTO cards(id,member_id,title,rarity,image_url,focus_x,focus_y,is_active) VALUES('card-0229',22,'활짝 웃는 이다니','U','assets/cards/이다니/007.webp',50,38,1);
INSERT OR REPLACE INTO cards(id,member_id,title,rarity,image_url,focus_x,focus_y,is_active) VALUES('card-0230',22,'브이하는 이다니','C','assets/cards/이다니/008.webp',50,38,1);
INSERT OR REPLACE INTO cards(id,member_id,title,rarity,image_url,focus_x,focus_y,is_active) VALUES('card-0231',23,'빛나는 이영호','U','assets/cards/이영호/001.webp',50,38,1);
INSERT OR REPLACE INTO cards(id,member_id,title,rarity,image_url,focus_x,focus_y,is_active) VALUES('card-0232',23,'미소 짓는 이영호','C','assets/cards/이영호/002.webp',50,38,1);
INSERT OR REPLACE INTO cards(id,member_id,title,rarity,image_url,focus_x,focus_y,is_active) VALUES('card-0233',23,'집중한 이영호','HR','assets/cards/이영호/003.webp',50,38,1);
INSERT OR REPLACE INTO cards(id,member_id,title,rarity,image_url,focus_x,focus_y,is_active) VALUES('card-0234',23,'여유로운 이영호','C','assets/cards/이영호/004.webp',50,38,1);
INSERT OR REPLACE INTO cards(id,member_id,title,rarity,image_url,focus_x,focus_y,is_active) VALUES('card-0235',23,'신나는 이영호','C','assets/cards/이영호/005.webp',50,38,1);
INSERT OR REPLACE INTO cards(id,member_id,title,rarity,image_url,focus_x,focus_y,is_active) VALUES('card-0236',23,'진지한 이영호','HR','assets/cards/이영호/006.webp',50,38,1);
INSERT OR REPLACE INTO cards(id,member_id,title,rarity,image_url,focus_x,focus_y,is_active) VALUES('card-0237',23,'활짝 웃는 이영호','C','assets/cards/이영호/007.webp',50,38,1);
INSERT OR REPLACE INTO cards(id,member_id,title,rarity,image_url,focus_x,focus_y,is_active) VALUES('card-0238',23,'브이하는 이영호','C','assets/cards/이영호/008.webp',50,38,1);
INSERT OR REPLACE INTO cards(id,member_id,title,rarity,image_url,focus_x,focus_y,is_active) VALUES('card-0239',23,'응원하는 이영호','R','assets/cards/이영호/009.webp',50,38,1);
INSERT OR REPLACE INTO cards(id,member_id,title,rarity,image_url,focus_x,focus_y,is_active) VALUES('card-0240',23,'멋진 이영호','U','assets/cards/이영호/010.webp',50,38,1);
INSERT OR REPLACE INTO cards(id,member_id,title,rarity,image_url,focus_x,focus_y,is_active) VALUES('card-0241',23,'귀여운 이영호','U','assets/cards/이영호/011.webp',50,38,1);
INSERT OR REPLACE INTO cards(id,member_id,title,rarity,image_url,focus_x,focus_y,is_active) VALUES('card-0242',23,'당당한 이영호','HR','assets/cards/이영호/012.webp',50,38,1);
INSERT OR REPLACE INTO cards(id,member_id,title,rarity,image_url,focus_x,focus_y,is_active) VALUES('card-0243',23,'즐거운 이영호','C','assets/cards/이영호/013.webp',50,38,1);
INSERT OR REPLACE INTO cards(id,member_id,title,rarity,image_url,focus_x,focus_y,is_active) VALUES('card-0244',24,'빛나는 인지연','R','assets/cards/인지연/001.webp',50,38,1);
INSERT OR REPLACE INTO cards(id,member_id,title,rarity,image_url,focus_x,focus_y,is_active) VALUES('card-0245',24,'미소 짓는 인지연','U','assets/cards/인지연/002.webp',50,38,1);
INSERT OR REPLACE INTO cards(id,member_id,title,rarity,image_url,focus_x,focus_y,is_active) VALUES('card-0246',24,'집중한 인지연','SR','assets/cards/인지연/003.webp',50,38,1);
INSERT OR REPLACE INTO cards(id,member_id,title,rarity,image_url,focus_x,focus_y,is_active) VALUES('card-0247',24,'여유로운 인지연','U','assets/cards/인지연/004.webp',50,38,1);
INSERT OR REPLACE INTO cards(id,member_id,title,rarity,image_url,focus_x,focus_y,is_active) VALUES('card-0248',24,'신나는 인지연','C','assets/cards/인지연/005.webp',50,38,1);
INSERT OR REPLACE INTO cards(id,member_id,title,rarity,image_url,focus_x,focus_y,is_active) VALUES('card-0249',24,'진지한 인지연','HR','assets/cards/인지연/006.webp',50,38,1);
INSERT OR REPLACE INTO cards(id,member_id,title,rarity,image_url,focus_x,focus_y,is_active) VALUES('card-0250',24,'활짝 웃는 인지연','U','assets/cards/인지연/007.webp',50,38,1);
INSERT OR REPLACE INTO cards(id,member_id,title,rarity,image_url,focus_x,focus_y,is_active) VALUES('card-0251',25,'빛나는 점중','C','assets/cards/점중/001.webp',50,38,1);
INSERT OR REPLACE INTO cards(id,member_id,title,rarity,image_url,focus_x,focus_y,is_active) VALUES('card-0252',25,'미소 짓는 점중','R','assets/cards/점중/002.webp',50,38,1);
INSERT OR REPLACE INTO cards(id,member_id,title,rarity,image_url,focus_x,focus_y,is_active) VALUES('card-0253',25,'집중한 점중','C','assets/cards/점중/003.webp',50,38,1);
INSERT OR REPLACE INTO cards(id,member_id,title,rarity,image_url,focus_x,focus_y,is_active) VALUES('card-0254',25,'여유로운 점중','U','assets/cards/점중/004.webp',50,38,1);
INSERT OR REPLACE INTO cards(id,member_id,title,rarity,image_url,focus_x,focus_y,is_active) VALUES('card-0255',25,'신나는 점중','U','assets/cards/점중/005.webp',50,38,1);
INSERT OR REPLACE INTO cards(id,member_id,title,rarity,image_url,focus_x,focus_y,is_active) VALUES('card-0256',25,'진지한 점중','U','assets/cards/점중/006.webp',50,38,1);
INSERT OR REPLACE INTO cards(id,member_id,title,rarity,image_url,focus_x,focus_y,is_active) VALUES('card-0257',25,'활짝 웃는 점중','R','assets/cards/점중/007.webp',50,38,1);
INSERT OR REPLACE INTO cards(id,member_id,title,rarity,image_url,focus_x,focus_y,is_active) VALUES('card-0258',25,'브이하는 점중','U','assets/cards/점중/008.webp',50,38,1);
INSERT OR REPLACE INTO cards(id,member_id,title,rarity,image_url,focus_x,focus_y,is_active) VALUES('card-0259',25,'응원하는 점중','C','assets/cards/점중/009.webp',50,38,1);
INSERT OR REPLACE INTO cards(id,member_id,title,rarity,image_url,focus_x,focus_y,is_active) VALUES('card-0260',26,'빛나는 졈니','R','assets/cards/졈니/001.webp',50,38,1);
INSERT OR REPLACE INTO cards(id,member_id,title,rarity,image_url,focus_x,focus_y,is_active) VALUES('card-0261',26,'미소 짓는 졈니','R','assets/cards/졈니/002.webp',50,38,1);
INSERT OR REPLACE INTO cards(id,member_id,title,rarity,image_url,focus_x,focus_y,is_active) VALUES('card-0262',26,'집중한 졈니','HR','assets/cards/졈니/003.webp',50,38,1);
INSERT OR REPLACE INTO cards(id,member_id,title,rarity,image_url,focus_x,focus_y,is_active) VALUES('card-0263',26,'여유로운 졈니','R','assets/cards/졈니/004.webp',50,38,1);
INSERT OR REPLACE INTO cards(id,member_id,title,rarity,image_url,focus_x,focus_y,is_active) VALUES('card-0264',26,'신나는 졈니','HR','assets/cards/졈니/005.webp',50,38,1);
INSERT OR REPLACE INTO cards(id,member_id,title,rarity,image_url,focus_x,focus_y,is_active) VALUES('card-0265',26,'진지한 졈니','SR','assets/cards/졈니/006.webp',50,38,1);
INSERT OR REPLACE INTO cards(id,member_id,title,rarity,image_url,focus_x,focus_y,is_active) VALUES('card-0266',26,'활짝 웃는 졈니','U','assets/cards/졈니/007.webp',50,38,1);
INSERT OR REPLACE INTO cards(id,member_id,title,rarity,image_url,focus_x,focus_y,is_active) VALUES('card-0267',26,'브이하는 졈니','U','assets/cards/졈니/008.webp',50,38,1);
INSERT OR REPLACE INTO cards(id,member_id,title,rarity,image_url,focus_x,focus_y,is_active) VALUES('card-0268',26,'응원하는 졈니','SR','assets/cards/졈니/009.webp',50,38,1);
INSERT OR REPLACE INTO cards(id,member_id,title,rarity,image_url,focus_x,focus_y,is_active) VALUES('card-0269',26,'멋진 졈니','R','assets/cards/졈니/010.webp',50,38,1);
INSERT OR REPLACE INTO cards(id,member_id,title,rarity,image_url,focus_x,focus_y,is_active) VALUES('card-0270',26,'귀여운 졈니','R','assets/cards/졈니/011.webp',50,38,1);
INSERT OR REPLACE INTO cards(id,member_id,title,rarity,image_url,focus_x,focus_y,is_active) VALUES('card-0271',26,'당당한 졈니','R','assets/cards/졈니/012.webp',50,38,1);
INSERT OR REPLACE INTO cards(id,member_id,title,rarity,image_url,focus_x,focus_y,is_active) VALUES('card-0272',26,'즐거운 졈니','C','assets/cards/졈니/013.webp',50,38,1);
INSERT OR REPLACE INTO cards(id,member_id,title,rarity,image_url,focus_x,focus_y,is_active) VALUES('card-0273',26,'깜짝 놀란 졈니','C','assets/cards/졈니/014.webp',50,38,1);
INSERT OR REPLACE INTO cards(id,member_id,title,rarity,image_url,focus_x,focus_y,is_active) VALUES('card-0274',27,'빛나는 주성','SSR','assets/cards/주성/001.webp',50,38,1);
INSERT OR REPLACE INTO cards(id,member_id,title,rarity,image_url,focus_x,focus_y,is_active) VALUES('card-0275',27,'미소 짓는 주성','C','assets/cards/주성/002.webp',50,38,1);
INSERT OR REPLACE INTO cards(id,member_id,title,rarity,image_url,focus_x,focus_y,is_active) VALUES('card-0276',27,'집중한 주성','R','assets/cards/주성/003.webp',50,38,1);
INSERT OR REPLACE INTO cards(id,member_id,title,rarity,image_url,focus_x,focus_y,is_active) VALUES('card-0277',27,'여유로운 주성','C','assets/cards/주성/004.webp',50,38,1);
INSERT OR REPLACE INTO cards(id,member_id,title,rarity,image_url,focus_x,focus_y,is_active) VALUES('card-0278',27,'신나는 주성','C','assets/cards/주성/005.webp',50,38,1);
INSERT OR REPLACE INTO cards(id,member_id,title,rarity,image_url,focus_x,focus_y,is_active) VALUES('card-0279',28,'빛나는 진땅콩','UR','assets/cards/진땅콩/001.webp',50,38,1);
INSERT OR REPLACE INTO cards(id,member_id,title,rarity,image_url,focus_x,focus_y,is_active) VALUES('card-0280',28,'미소 짓는 진땅콩','U','assets/cards/진땅콩/002.webp',50,38,1);
INSERT OR REPLACE INTO cards(id,member_id,title,rarity,image_url,focus_x,focus_y,is_active) VALUES('card-0281',28,'집중한 진땅콩','U','assets/cards/진땅콩/003.webp',50,38,1);
INSERT OR REPLACE INTO cards(id,member_id,title,rarity,image_url,focus_x,focus_y,is_active) VALUES('card-0282',28,'여유로운 진땅콩','C','assets/cards/진땅콩/004.webp',50,38,1);
INSERT OR REPLACE INTO cards(id,member_id,title,rarity,image_url,focus_x,focus_y,is_active) VALUES('card-0283',28,'신나는 진땅콩','C','assets/cards/진땅콩/005.webp',50,38,1);
INSERT OR REPLACE INTO cards(id,member_id,title,rarity,image_url,focus_x,focus_y,is_active) VALUES('card-0284',28,'진지한 진땅콩','UR','assets/cards/진땅콩/006.webp',50,38,1);
INSERT OR REPLACE INTO cards(id,member_id,title,rarity,image_url,focus_x,focus_y,is_active) VALUES('card-0285',28,'활짝 웃는 진땅콩','R','assets/cards/진땅콩/007.webp',50,38,1);
INSERT OR REPLACE INTO cards(id,member_id,title,rarity,image_url,focus_x,focus_y,is_active) VALUES('card-0286',28,'브이하는 진땅콩','SSR','assets/cards/진땅콩/008.webp',50,38,1);
INSERT OR REPLACE INTO cards(id,member_id,title,rarity,image_url,focus_x,focus_y,is_active) VALUES('card-0287',28,'응원하는 진땅콩','C','assets/cards/진땅콩/009.webp',50,38,1);
INSERT OR REPLACE INTO cards(id,member_id,title,rarity,image_url,focus_x,focus_y,is_active) VALUES('card-0288',28,'멋진 진땅콩','SR','assets/cards/진땅콩/010.webp',50,38,1);
INSERT OR REPLACE INTO cards(id,member_id,title,rarity,image_url,focus_x,focus_y,is_active) VALUES('card-0289',29,'빛나는 채리','U','assets/cards/채리/001.webp',50,38,1);
INSERT OR REPLACE INTO cards(id,member_id,title,rarity,image_url,focus_x,focus_y,is_active) VALUES('card-0290',29,'미소 짓는 채리','R','assets/cards/채리/002.webp',50,38,1);
INSERT OR REPLACE INTO cards(id,member_id,title,rarity,image_url,focus_x,focus_y,is_active) VALUES('card-0291',29,'집중한 채리','C','assets/cards/채리/003.webp',50,38,1);
INSERT OR REPLACE INTO cards(id,member_id,title,rarity,image_url,focus_x,focus_y,is_active) VALUES('card-0292',29,'여유로운 채리','U','assets/cards/채리/004.webp',50,38,1);
INSERT OR REPLACE INTO cards(id,member_id,title,rarity,image_url,focus_x,focus_y,is_active) VALUES('card-0293',29,'신나는 채리','SR','assets/cards/채리/005.webp',50,38,1);
INSERT OR REPLACE INTO cards(id,member_id,title,rarity,image_url,focus_x,focus_y,is_active) VALUES('card-0294',30,'빛나는 철구','C','assets/cards/철구/001.webp',50,38,1);
INSERT OR REPLACE INTO cards(id,member_id,title,rarity,image_url,focus_x,focus_y,is_active) VALUES('card-0295',30,'미소 짓는 철구','SR','assets/cards/철구/002.webp',50,38,1);
INSERT OR REPLACE INTO cards(id,member_id,title,rarity,image_url,focus_x,focus_y,is_active) VALUES('card-0296',30,'집중한 철구','C','assets/cards/철구/003.webp',50,38,1);
INSERT OR REPLACE INTO cards(id,member_id,title,rarity,image_url,focus_x,focus_y,is_active) VALUES('card-0297',30,'여유로운 철구','SR','assets/cards/철구/004.webp',50,38,1);
INSERT OR REPLACE INTO cards(id,member_id,title,rarity,image_url,focus_x,focus_y,is_active) VALUES('card-0298',30,'신나는 철구','U','assets/cards/철구/005.webp',50,38,1);
INSERT OR REPLACE INTO cards(id,member_id,title,rarity,image_url,focus_x,focus_y,is_active) VALUES('card-0299',30,'진지한 철구','C','assets/cards/철구/006.webp',50,38,1);
INSERT OR REPLACE INTO cards(id,member_id,title,rarity,image_url,focus_x,focus_y,is_active) VALUES('card-0300',30,'활짝 웃는 철구','U','assets/cards/철구/007.webp',50,38,1);
INSERT OR REPLACE INTO cards(id,member_id,title,rarity,image_url,focus_x,focus_y,is_active) VALUES('card-0301',30,'브이하는 철구','R','assets/cards/철구/008.webp',50,38,1);
INSERT OR REPLACE INTO cards(id,member_id,title,rarity,image_url,focus_x,focus_y,is_active) VALUES('card-0302',30,'응원하는 철구','R','assets/cards/철구/009.webp',50,38,1);
INSERT OR REPLACE INTO cards(id,member_id,title,rarity,image_url,focus_x,focus_y,is_active) VALUES('card-0303',30,'멋진 철구','C','assets/cards/철구/010.webp',50,38,1);
INSERT OR REPLACE INTO cards(id,member_id,title,rarity,image_url,focus_x,focus_y,is_active) VALUES('card-0304',30,'귀여운 철구','U','assets/cards/철구/011.webp',50,38,1);
INSERT OR REPLACE INTO cards(id,member_id,title,rarity,image_url,focus_x,focus_y,is_active) VALUES('card-0305',30,'당당한 철구','U','assets/cards/철구/012.webp',50,38,1);
INSERT OR REPLACE INTO cards(id,member_id,title,rarity,image_url,focus_x,focus_y,is_active) VALUES('card-0306',30,'즐거운 철구','R','assets/cards/철구/013.webp',50,38,1);
INSERT OR REPLACE INTO cards(id,member_id,title,rarity,image_url,focus_x,focus_y,is_active) VALUES('card-0307',31,'빛나는 체온','SR','assets/cards/체온/001.webp',50,38,1);
INSERT OR REPLACE INTO cards(id,member_id,title,rarity,image_url,focus_x,focus_y,is_active) VALUES('card-0308',31,'미소 짓는 체온','R','assets/cards/체온/002.webp',50,38,1);
INSERT OR REPLACE INTO cards(id,member_id,title,rarity,image_url,focus_x,focus_y,is_active) VALUES('card-0309',31,'집중한 체온','U','assets/cards/체온/003.webp',50,38,1);
INSERT OR REPLACE INTO cards(id,member_id,title,rarity,image_url,focus_x,focus_y,is_active) VALUES('card-0310',31,'여유로운 체온','C','assets/cards/체온/004.webp',50,38,1);
INSERT OR REPLACE INTO cards(id,member_id,title,rarity,image_url,focus_x,focus_y,is_active) VALUES('card-0311',31,'신나는 체온','U','assets/cards/체온/005.webp',50,38,1);
INSERT OR REPLACE INTO cards(id,member_id,title,rarity,image_url,focus_x,focus_y,is_active) VALUES('card-0312',31,'진지한 체온','U','assets/cards/체온/006.webp',50,38,1);
INSERT OR REPLACE INTO cards(id,member_id,title,rarity,image_url,focus_x,focus_y,is_active) VALUES('card-0313',31,'활짝 웃는 체온','C','assets/cards/체온/007.webp',50,38,1);
INSERT OR REPLACE INTO cards(id,member_id,title,rarity,image_url,focus_x,focus_y,is_active) VALUES('card-0314',31,'브이하는 체온','C','assets/cards/체온/008.webp',50,38,1);
INSERT OR REPLACE INTO cards(id,member_id,title,rarity,image_url,focus_x,focus_y,is_active) VALUES('card-0315',31,'응원하는 체온','SR','assets/cards/체온/009.webp',50,38,1);
INSERT OR REPLACE INTO cards(id,member_id,title,rarity,image_url,focus_x,focus_y,is_active) VALUES('card-0316',32,'빛나는 초초','HR','assets/cards/초초/001.webp',50,38,1);
INSERT OR REPLACE INTO cards(id,member_id,title,rarity,image_url,focus_x,focus_y,is_active) VALUES('card-0317',32,'미소 짓는 초초','SR','assets/cards/초초/002.webp',50,38,1);
INSERT OR REPLACE INTO cards(id,member_id,title,rarity,image_url,focus_x,focus_y,is_active) VALUES('card-0318',32,'집중한 초초','C','assets/cards/초초/003.webp',50,38,1);
INSERT OR REPLACE INTO cards(id,member_id,title,rarity,image_url,focus_x,focus_y,is_active) VALUES('card-0319',32,'여유로운 초초','HR','assets/cards/초초/004.webp',50,38,1);
INSERT OR REPLACE INTO cards(id,member_id,title,rarity,image_url,focus_x,focus_y,is_active) VALUES('card-0320',32,'신나는 초초','C','assets/cards/초초/005.webp',50,38,1);
INSERT OR REPLACE INTO cards(id,member_id,title,rarity,image_url,focus_x,focus_y,is_active) VALUES('card-0321',32,'진지한 초초','UR','assets/cards/초초/006.webp',50,38,1);
INSERT OR REPLACE INTO cards(id,member_id,title,rarity,image_url,focus_x,focus_y,is_active) VALUES('card-0322',32,'활짝 웃는 초초','C','assets/cards/초초/007.webp',50,38,1);
INSERT OR REPLACE INTO cards(id,member_id,title,rarity,image_url,focus_x,focus_y,is_active) VALUES('card-0323',33,'빛나는 하이희야','SR','assets/cards/하이희야/001.webp',50,38,1);
INSERT OR REPLACE INTO cards(id,member_id,title,rarity,image_url,focus_x,focus_y,is_active) VALUES('card-0324',33,'미소 짓는 하이희야','C','assets/cards/하이희야/002.webp',50,38,1);
INSERT OR REPLACE INTO cards(id,member_id,title,rarity,image_url,focus_x,focus_y,is_active) VALUES('card-0325',33,'집중한 하이희야','C','assets/cards/하이희야/003.webp',50,38,1);
INSERT OR REPLACE INTO cards(id,member_id,title,rarity,image_url,focus_x,focus_y,is_active) VALUES('card-0326',33,'여유로운 하이희야','R','assets/cards/하이희야/004.webp',50,38,1);
INSERT OR REPLACE INTO cards(id,member_id,title,rarity,image_url,focus_x,focus_y,is_active) VALUES('card-0327',33,'신나는 하이희야','U','assets/cards/하이희야/005.webp',50,38,1);
INSERT OR REPLACE INTO cards(id,member_id,title,rarity,image_url,focus_x,focus_y,is_active) VALUES('card-0328',33,'진지한 하이희야','U','assets/cards/하이희야/006.webp',50,38,1);
INSERT OR REPLACE INTO cards(id,member_id,title,rarity,image_url,focus_x,focus_y,is_active) VALUES('card-0329',33,'활짝 웃는 하이희야','SR','assets/cards/하이희야/007.webp',50,38,1);
INSERT OR REPLACE INTO cards(id,member_id,title,rarity,image_url,focus_x,focus_y,is_active) VALUES('card-0330',34,'빛나는 허로아','C','assets/cards/허로아/001.webp',50,38,1);
INSERT OR REPLACE INTO cards(id,member_id,title,rarity,image_url,focus_x,focus_y,is_active) VALUES('card-0331',34,'미소 짓는 허로아','R','assets/cards/허로아/002.webp',50,38,1);
INSERT OR REPLACE INTO cards(id,member_id,title,rarity,image_url,focus_x,focus_y,is_active) VALUES('card-0332',34,'집중한 허로아','R','assets/cards/허로아/003.webp',50,38,1);
INSERT OR REPLACE INTO cards(id,member_id,title,rarity,image_url,focus_x,focus_y,is_active) VALUES('card-0333',34,'여유로운 허로아','R','assets/cards/허로아/004.webp',50,38,1);
INSERT OR REPLACE INTO cards(id,member_id,title,rarity,image_url,focus_x,focus_y,is_active) VALUES('card-0334',34,'신나는 허로아','U','assets/cards/허로아/005.webp',50,38,1);
INSERT OR REPLACE INTO cards(id,member_id,title,rarity,image_url,focus_x,focus_y,is_active) VALUES('card-0335',34,'진지한 허로아','SR','assets/cards/허로아/006.webp',50,38,1);
INSERT OR REPLACE INTO cards(id,member_id,title,rarity,image_url,focus_x,focus_y,is_active) VALUES('card-0336',34,'활짝 웃는 허로아','SR','assets/cards/허로아/007.webp',50,38,1);
INSERT OR REPLACE INTO cards(id,member_id,title,rarity,image_url,focus_x,focus_y,is_active) VALUES('card-0337',35,'빛나는 혜루찡','SSR','assets/cards/혜루찡/001.webp',50,38,1);
INSERT OR REPLACE INTO cards(id,member_id,title,rarity,image_url,focus_x,focus_y,is_active) VALUES('card-0338',35,'미소 짓는 혜루찡','UR','assets/cards/혜루찡/002.webp',50,38,1);
INSERT OR REPLACE INTO cards(id,member_id,title,rarity,image_url,focus_x,focus_y,is_active) VALUES('card-0339',35,'집중한 혜루찡','R','assets/cards/혜루찡/003.webp',50,38,1);
INSERT OR REPLACE INTO cards(id,member_id,title,rarity,image_url,focus_x,focus_y,is_active) VALUES('card-0340',35,'여유로운 혜루찡','R','assets/cards/혜루찡/004.webp',50,38,1);
INSERT OR REPLACE INTO cards(id,member_id,title,rarity,image_url,focus_x,focus_y,is_active) VALUES('card-0341',35,'신나는 혜루찡','C','assets/cards/혜루찡/005.webp',50,38,1);
INSERT OR REPLACE INTO cards(id,member_id,title,rarity,image_url,focus_x,focus_y,is_active) VALUES('card-0342',35,'진지한 혜루찡','R','assets/cards/혜루찡/006.webp',50,38,1);
INSERT OR REPLACE INTO cards(id,member_id,title,rarity,image_url,focus_x,focus_y,is_active) VALUES('card-0343',35,'활짝 웃는 혜루찡','C','assets/cards/혜루찡/007.webp',50,38,1);
INSERT OR REPLACE INTO cards(id,member_id,title,rarity,image_url,focus_x,focus_y,is_active) VALUES('card-0344',36,'빛나는 히나','R','assets/cards/히나/001.webp',50,38,1);
INSERT OR REPLACE INTO cards(id,member_id,title,rarity,image_url,focus_x,focus_y,is_active) VALUES('card-0345',36,'미소 짓는 히나','U','assets/cards/히나/002.webp',50,38,1);
INSERT OR REPLACE INTO cards(id,member_id,title,rarity,image_url,focus_x,focus_y,is_active) VALUES('card-0346',36,'집중한 히나','U','assets/cards/히나/003.webp',50,38,1);
INSERT OR REPLACE INTO cards(id,member_id,title,rarity,image_url,focus_x,focus_y,is_active) VALUES('card-0347',36,'여유로운 히나','R','assets/cards/히나/004.webp',50,38,1);
INSERT OR REPLACE INTO cards(id,member_id,title,rarity,image_url,focus_x,focus_y,is_active) VALUES('card-0348',36,'신나는 히나','C','assets/cards/히나/005.webp',50,38,1);
INSERT OR REPLACE INTO cards(id,member_id,title,rarity,image_url,focus_x,focus_y,is_active) VALUES('card-0349',36,'진지한 히나','SR','assets/cards/히나/006.webp',50,38,1);
INSERT OR REPLACE INTO cards(id,member_id,title,rarity,image_url,focus_x,focus_y,is_active) VALUES('card-0350',36,'활짝 웃는 히나','SSR','assets/cards/히나/007.webp',50,38,1);
INSERT OR REPLACE INTO cards(id,member_id,title,rarity,image_url,focus_x,focus_y,is_active) VALUES('card-0351',36,'브이하는 히나','U','assets/cards/히나/008.webp',50,38,1);
INSERT OR REPLACE INTO cards(id,member_id,title,rarity,image_url,focus_x,focus_y,is_active) VALUES('card-0352',36,'응원하는 히나','C','assets/cards/히나/009.webp',50,38,1);
INSERT OR REPLACE INTO cards(id,member_id,title,rarity,image_url,focus_x,focus_y,is_active) VALUES('card-0353',36,'멋진 히나','SR','assets/cards/히나/010.webp',50,38,1);
INSERT OR REPLACE INTO cards(id,member_id,title,rarity,image_url,focus_x,focus_y,is_active) VALUES('card-0354',36,'귀여운 히나','SR','assets/cards/히나/011.webp',50,38,1);
INSERT OR REPLACE INTO cards(id,member_id,title,rarity,image_url,focus_x,focus_y,is_active) VALUES('card-0355',36,'당당한 히나','SR','assets/cards/히나/012.webp',50,38,1);
INSERT OR REPLACE INTO cards(id,member_id,title,rarity,image_url,focus_x,focus_y,is_active) VALUES('card-0356',36,'즐거운 히나','U','assets/cards/히나/013.webp',50,38,1);
INSERT OR REPLACE INTO cards(id,member_id,title,rarity,image_url,focus_x,focus_y,is_active) VALUES('card-0357',37,'빛나는 디임','U','assets/cards/디임/001.webp',50,38,1);
INSERT OR REPLACE INTO cards(id,member_id,title,rarity,image_url,focus_x,focus_y,is_active) VALUES('card-0358',37,'미소 짓는 디임','C','assets/cards/디임/002.webp',50,38,1);
INSERT OR REPLACE INTO cards(id,member_id,title,rarity,image_url,focus_x,focus_y,is_active) VALUES('card-0359',37,'집중한 디임','C','assets/cards/디임/003.webp',50,38,1);
INSERT OR REPLACE INTO cards(id,member_id,title,rarity,image_url,focus_x,focus_y,is_active) VALUES('card-0360',37,'여유로운 디임','SR','assets/cards/디임/004.webp',50,38,1);
INSERT OR REPLACE INTO cards(id,member_id,title,rarity,image_url,focus_x,focus_y,is_active) VALUES('card-0361',37,'신나는 디임','C','assets/cards/디임/005.webp',50,38,1);
INSERT OR REPLACE INTO cards(id,member_id,title,rarity,image_url,focus_x,focus_y,is_active) VALUES('card-0362',37,'진지한 디임','SR','assets/cards/디임/006.webp',50,38,1);
INSERT OR REPLACE INTO cards(id,member_id,title,rarity,image_url,focus_x,focus_y,is_active) VALUES('card-0363',37,'활짝 웃는 디임','C','assets/cards/디임/007.webp',50,38,1);
INSERT OR REPLACE INTO cards(id,member_id,title,rarity,image_url,focus_x,focus_y,is_active) VALUES('card-0364',37,'브이하는 디임','R','assets/cards/디임/008.webp',50,38,1);
INSERT OR REPLACE INTO cards(id,member_id,title,rarity,image_url,focus_x,focus_y,is_active) VALUES('card-0365',37,'응원하는 디임','SR','assets/cards/디임/009.webp',50,38,1);
INSERT OR REPLACE INTO cards(id,member_id,title,rarity,image_url,focus_x,focus_y,is_active) VALUES('card-0366',37,'멋진 디임','UR','assets/cards/디임/010.webp',50,38,1);
INSERT OR REPLACE INTO cards(id,member_id,title,rarity,image_url,focus_x,focus_y,is_active) VALUES('card-0367',37,'귀여운 디임','U','assets/cards/디임/011.webp',50,38,1);
INSERT OR REPLACE INTO cards(id,member_id,title,rarity,image_url,focus_x,focus_y,is_active) VALUES('card-0368',37,'당당한 디임','C','assets/cards/디임/012.webp',50,38,1);
INSERT OR REPLACE INTO cards(id,member_id,title,rarity,image_url,focus_x,focus_y,is_active) VALUES('card-0369',37,'즐거운 디임','C','assets/cards/디임/013.webp',50,38,1);
INSERT OR REPLACE INTO cards(id,member_id,title,rarity,image_url,focus_x,focus_y,is_active) VALUES('card-0370',37,'깜짝 놀란 디임','R','assets/cards/디임/014.webp',50,38,1);
INSERT OR REPLACE INTO cards(id,member_id,title,rarity,image_url,focus_x,focus_y,is_active) VALUES('card-0371',37,'시무룩한 디임','R','assets/cards/디임/015.webp',50,38,1);
INSERT OR REPLACE INTO cards(id,member_id,title,rarity,image_url,focus_x,focus_y,is_active) VALUES('card-0372',37,'열정적인 디임','HR','assets/cards/디임/016.webp',50,38,1);
INSERT OR REPLACE INTO cards(id,member_id,title,rarity,image_url,focus_x,focus_y,is_active) VALUES('card-0373',37,'차분한 디임','U','assets/cards/디임/017.webp',50,38,1);
INSERT OR REPLACE INTO cards(id,member_id,title,rarity,image_url,focus_x,focus_y,is_active) VALUES('card-0374',37,'설레는 디임','C','assets/cards/디임/018.webp',50,38,1);
INSERT OR REPLACE INTO cards(id,member_id,title,rarity,image_url,focus_x,focus_y,is_active) VALUES('card-0375',37,'승리한 디임','U','assets/cards/디임/019.webp',50,38,1);
INSERT OR REPLACE INTO cards(id,member_id,title,rarity,image_url,focus_x,focus_y,is_active) VALUES('card-0376',37,'기뻐하는 디임','U','assets/cards/디임/020.webp',50,38,1);
INSERT OR REPLACE INTO card_packs(id,name,subtitle,description,theme,price,allowed_rarities,guarantee_10,guarantee_20,pickup_member_id,pickup_multiplier,is_active,sort_order) VALUES('basic','일반 카드팩','STANDARD PACK','모든 등급이 등장하는 기본 카드팩','basic',10,'["C", "U", "R", "SR", "HR", "UR", "SSR", "MA", "FUR"]','R','SR',NULL,1,1,415);
INSERT OR REPLACE INTO card_packs(id,name,subtitle,description,theme,price,allowed_rarities,guarantee_10,guarantee_20,pickup_member_id,pickup_multiplier,is_active,sort_order) VALUES('advanced','고급 카드팩','ADVANCED PACK','커먼을 제외한 U 이상 카드팩','advanced',25,'["U", "R", "SR", "HR", "UR", "SSR", "MA", "FUR"]','SR','HR',NULL,1,1,416);
INSERT OR REPLACE INTO card_packs(id,name,subtitle,description,theme,price,allowed_rarities,guarantee_10,guarantee_20,pickup_member_id,pickup_multiplier,is_active,sort_order) VALUES('premium','프리미엄 카드팩','PREMIUM PACK','R 이상만 등장하는 고급 수집팩','premium',60,'["R", "SR", "HR", "UR", "SSR", "MA", "FUR"]','HR','UR',NULL,1,1,417);
INSERT OR REPLACE INTO card_packs(id,name,subtitle,description,theme,price,allowed_rarities,guarantee_10,guarantee_20,pickup_member_id,pickup_multiplier,is_active,sort_order) VALUES('pickup','리미티드팩','LIMITED PACK','별도 확률로 서버 한정판 카드가 등장하는 특별 카드팩','pickup',30,'["C", "U", "R", "SR", "HR", "UR", "SSR", "MA", "FUR", "LIMITED"]','R','SR',NULL,1,1,418);
INSERT OR REPLACE INTO card_pack_rates(pack_id,rarity,rate) VALUES('basic','C',30);
INSERT OR REPLACE INTO card_pack_rates(pack_id,rarity,rate) VALUES('basic','U',25);
INSERT OR REPLACE INTO card_pack_rates(pack_id,rarity,rate) VALUES('basic','R',20);
INSERT OR REPLACE INTO card_pack_rates(pack_id,rarity,rate) VALUES('basic','SR',13);
INSERT OR REPLACE INTO card_pack_rates(pack_id,rarity,rate) VALUES('basic','HR',7);
INSERT OR REPLACE INTO card_pack_rates(pack_id,rarity,rate) VALUES('basic','UR',4);
INSERT OR REPLACE INTO card_pack_rates(pack_id,rarity,rate) VALUES('basic','SSR',1);
INSERT OR REPLACE INTO card_pack_rates(pack_id,rarity,rate) VALUES('advanced','C',30);
INSERT OR REPLACE INTO card_pack_rates(pack_id,rarity,rate) VALUES('advanced','U',25);
INSERT OR REPLACE INTO card_pack_rates(pack_id,rarity,rate) VALUES('advanced','R',20);
INSERT OR REPLACE INTO card_pack_rates(pack_id,rarity,rate) VALUES('advanced','SR',13);
INSERT OR REPLACE INTO card_pack_rates(pack_id,rarity,rate) VALUES('advanced','HR',7);
INSERT OR REPLACE INTO card_pack_rates(pack_id,rarity,rate) VALUES('advanced','UR',4);
INSERT OR REPLACE INTO card_pack_rates(pack_id,rarity,rate) VALUES('advanced','SSR',1);
INSERT OR REPLACE INTO card_pack_rates(pack_id,rarity,rate) VALUES('premium','C',30);
INSERT OR REPLACE INTO card_pack_rates(pack_id,rarity,rate) VALUES('premium','U',25);
INSERT OR REPLACE INTO card_pack_rates(pack_id,rarity,rate) VALUES('premium','R',20);
INSERT OR REPLACE INTO card_pack_rates(pack_id,rarity,rate) VALUES('premium','SR',13);
INSERT OR REPLACE INTO card_pack_rates(pack_id,rarity,rate) VALUES('premium','HR',7);
INSERT OR REPLACE INTO card_pack_rates(pack_id,rarity,rate) VALUES('premium','UR',4);
INSERT OR REPLACE INTO card_pack_rates(pack_id,rarity,rate) VALUES('premium','SSR',1);
INSERT OR REPLACE INTO card_pack_rates(pack_id,rarity,rate) VALUES('pickup','C',30);
INSERT OR REPLACE INTO card_pack_rates(pack_id,rarity,rate) VALUES('pickup','U',25);
INSERT OR REPLACE INTO card_pack_rates(pack_id,rarity,rate) VALUES('pickup','R',20);
INSERT OR REPLACE INTO card_pack_rates(pack_id,rarity,rate) VALUES('pickup','SR',13);
INSERT OR REPLACE INTO card_pack_rates(pack_id,rarity,rate) VALUES('pickup','HR',7);
INSERT OR REPLACE INTO card_pack_rates(pack_id,rarity,rate) VALUES('pickup','UR',4);
INSERT OR REPLACE INTO card_pack_rates(pack_id,rarity,rate) VALUES('pickup','SSR',1);
COMMIT;
-- v8.3 separate limited-pack probability
INSERT OR REPLACE INTO card_pack_rates(pack_id,rarity,rate) VALUES('basic','MA',0);
INSERT OR REPLACE INTO card_pack_rates(pack_id,rarity,rate) VALUES('basic','FUR',0);
INSERT OR REPLACE INTO card_pack_rates(pack_id,rarity,rate) VALUES('basic','LIMITED',0);
INSERT OR REPLACE INTO card_pack_rates(pack_id,rarity,rate) VALUES('advanced','MA',0);
INSERT OR REPLACE INTO card_pack_rates(pack_id,rarity,rate) VALUES('advanced','FUR',0);
INSERT OR REPLACE INTO card_pack_rates(pack_id,rarity,rate) VALUES('advanced','LIMITED',0);
INSERT OR REPLACE INTO card_pack_rates(pack_id,rarity,rate) VALUES('premium','MA',0);
INSERT OR REPLACE INTO card_pack_rates(pack_id,rarity,rate) VALUES('premium','FUR',0);
INSERT OR REPLACE INTO card_pack_rates(pack_id,rarity,rate) VALUES('premium','LIMITED',0);
INSERT OR REPLACE INTO card_pack_rates(pack_id,rarity,rate) VALUES('pickup','MA',0);
INSERT OR REPLACE INTO card_pack_rates(pack_id,rarity,rate) VALUES('pickup','FUR',0);
INSERT OR REPLACE INTO card_pack_rates(pack_id,rarity,rate) VALUES('pickup','LIMITED',1);
